Datetime,Water Level (m)
2025-09-08 06:00:00,1.8441296
2025-09-08 07:00:00,1.8549889
2025-09-08 08:00:00,1.4624121
2025-09-08 09:00:00,0.7915004
2025-09-08 10:00:00,0.12643655
2025-09-08 11:00:00,-0.44014245
2025-09-08 12:00:00,-0.88062096
2025-09-08 13:00:00,-1.1678001
2025-09-08 14:00:00,-1.0847982
2025-09-08 15:00:00,-0.29197943
2025-09-08 16:00:00,0.689193
2025-09-08 17:00:00,1.4868468
2025-09-08 18:00:00,1.8905265
2025-09-08 19:00:00,1.9698293
2025-09-08 20:00:00,1.6466368
2025-09-08 21:00:00,0.96410245
2025-09-08 22:00:00,0.2632545
2025-09-08 23:00:00,-0.33333063
2025-09-09 00:00:00,-0.813245
2025-09-09 01:00:00,-1.1409317
2025-09-09 02:00:00,-1.146645
2025-09-09 03:00:00,-0.43538812
2025-09-09 04:00:00,0.5323146
2025-09-09 05:00:00,1.3688388
2025-09-09 06:00:00,1.8635577
2025-09-09 07:00:00,2.0578856
2025-09-09 08:00:00,1.8688462
2025-09-09 09:00:00,1.2556242
2025-09-09 10:00:00,0.54834795
2025-09-09 11:00:00,-0.1165447
2025-09-09 12:00:00,-0.649901
2025-09-09 13:00:00,-1.0528208
2025-09-09 14:00:00,-1.2402864
2025-09-09 15:00:00,-0.8182215
2025-09-09 16:00:00,0.13099404
2025-09-09 17:00:00,1.0762792
2025-09-09 18:00:00,1.6875107
2025-09-09 19:00:00,2.016574
2025-09-09 20:00:00,1.9904717
2025-09-09 21:00:00,1.5056665
2025-09-09 22:00:00,0.79696506
2025-09-09 23:00:00,0.14300607
2025-09-10 00:00:00,-0.4383609
2025-09-10 01:00:00,-0.8862954
2025-09-10 02:00:00,-1.1528089
2025-09-10 03:00:00,-0.9571757
2025-09-10 04:00:00,-0.08764137
2025-09-10 05:00:00,0.8932437
2025-09-10 06:00:00,1.6071169
2025-09-10 07:00:00,1.9697961
2025-09-10 08:00:00,2.0344114
2025-09-10 09:00:00,1.6520779
2025-09-10 10:00:00,0.95618546
2025-09-10 11:00:00,0.28289837
2025-09-10 12:00:00,-0.33249763
2025-09-10 13:00:00,-0.80887806
2025-09-10 14:00:00,-1.1338193
2025-09-10 15:00:00,-1.1472783
2025-09-10 16:00:00,-0.43594158
2025-09-10 17:00:00,0.54311395
2025-09-10 18:00:00,1.3902769
2025-09-10 19:00:00,1.881474
2025-09-10 20:00:00,2.0823443
2025-09-10 21:00:00,1.9026399
2025-09-10 22:00:00,1.2994013
2025-09-10 23:00:00,0.6105428
2025-09-11 00:00:00,-0.0067313155
2025-09-11 01:00:00,-0.47189188
2025-09-11 02:00:00,-0.9052213
2025-09-11 03:00:00,-1.0476358
2025-09-11 04:00:00,-0.5616655
2025-09-11 05:00:00,0.3430759
2025-09-11 06:00:00,1.1842659
2025-09-11 07:00:00,1.7128713
2025-09-11 08:00:00,1.960909
2025-09-11 09:00:00,1.8596482
2025-09-11 10:00:00,1.3238449
2025-09-11 11:00:00,0.6501616
2025-09-11 12:00:00,0.020963067
2025-09-11 13:00:00,-0.4580615
2025-09-11 14:00:00,-0.92385364
2025-09-11 15:00:00,-1.1620487
2025-09-11 16:00:00,-0.90086085
2025-09-11 17:00:00,-0.0411111
2025-09-11 18:00:00,0.89262927
2025-09-11 19:00:00,1.5749639
2025-09-11 20:00:00,1.9273508
2025-09-11 21:00:00,1.9872433
2025-09-11 22:00:00,1.6494235
2025-09-11 23:00:00,1.0193983
2025-09-12 00:00:00,0.37990183
2025-09-12 01:00:00,-0.16442908
2025-09-12 02:00:00,-0.5643953
2025-09-12 03:00:00,-0.88556015
2025-09-12 04:00:00,-0.8691992
2025-09-12 05:00:00,-0.21886802
2025-09-12 06:00:00,0.65568703
2025-09-12 07:00:00,1.3669119
2025-09-12 08:00:00,1.736167
2025-09-12 09:00:00,1.8270088
2025-09-12 10:00:00,1.5354382
2025-09-12 11:00:00,0.9375611
2025-09-12 12:00:00,0.32746008
2025-09-12 13:00:00,-0.21741325
2025-09-12 14:00:00,-0.6391187
2025-09-12 15:00:00,-0.9601135
2025-09-12 16:00:00,-1.0378934
2025-09-12 17:00:00,-0.51273024
2025-09-12 18:00:00,0.32549477
2025-09-12 19:00:00,1.1006727
2025-09-12 20:00:00,1.6246595
2025-09-12 21:00:00,1.8525536
2025-09-12 22:00:00,1.788763
2025-09-12 23:00:00,1.3612546
2025-09-13 00:00:00,0.77198476
2025-09-13 01:00:00,0.21364963
2025-09-13 02:00:00,-0.22803362
2025-09-13 03:00:00,-0.5597108
2025-09-13 04:00:00,-0.7701654
2025-09-13 05:00:00,-0.59124935
2025-09-13 06:00:00,0.07388218
2025-09-13 07:00:00,0.8270746
2025-09-13 08:00:00,1.3877224
2025-09-13 09:00:00,1.623688
2025-09-13 10:00:00,1.577051
2025-09-13 11:00:00,1.1842449
2025-09-13 12:00:00,0.6356746
2025-09-13 13:00:00,0.10705134
2025-09-13 14:00:00,-0.29874378
2025-09-13 15:00:00,-0.655228
2025-09-13 16:00:00,-0.8499757
2025-09-13 17:00:00,-0.73331285
2025-09-13 18:00:00,-0.12921181
2025-09-13 19:00:00,0.61016655
2025-09-13 20:00:00,1.2189416
2025-09-13 21:00:00,1.5617815
2025-09-13 22:00:00,1.6814996
2025-09-13 23:00:00,1.535606
2025-09-14 00:00:00,1.128889
2025-09-14 01:00:00,0.6299411
2025-09-14 02:00:00,0.15670739
2025-09-14 03:00:00,-0.16835226
2025-09-14 04:00:00,-0.4038538
2025-09-14 05:00:00,-0.53967136
2025-09-14 06:00:00,-0.3200958
